Sr.No,Name,Phone,City,Service
1,Vihaan Verma,9288850628,Delhi,Medical
2,Karan Singh,9808476912,Kolkata,Hajj
3,Rahul Khan,9664888991,Lucknow,Umrah
4,Arjun Verma,9229164498,Jaipur,Umrah
5,Aarav Ali,9625469789,Bhopal,Hajj
6,Krishna Yadav,9334129304,Mumbai,Hajj
7,Karan Ali,9566908013,Delhi,Medical
8,Aman Jain,9707625990,Kanpur,Hajj
9,Aman Verma,9687619148,Hyderabad,Ticket
10,Karan Yadav,9167938559,Bhopal,Umrah
11,Aarav Mishra,9660499702,Kolkata,Umrah
12,Aman Gupta,9481924238,Lucknow,Umrah
13,Vivaan Singh,9866838598,Jaipur,Medical
14,Sai Tiwari,9773640277,Jaipur,Ticket
15,Sai Ansari,9865776526,Kolkata,Medical
16,Arjun Tiwari,9588310225,Bhopal,Medical
17,Aarav Verma,9942450826,Hyderabad,Umrah
18,Sai Kapoor,9289118204,Hyderabad,Hajj
19,Arjun Ansari,9607470396,Jaipur,Hajj
20,Karan Tiwari,9232398902,Chennai,Medical
21,Reyansh Ansari,9552478808,Lucknow,Hajj
22,Shaurya Gupta,9269994900,Chennai,Hajj
23,Ishaan Gupta,9799997801,Lucknow,Hajj
24,Pravesh Gupta,9721648223,Kolkata,Ticket
25,Aman Gupta,9778231950,Kanpur,Umrah
26,Ishaan Singh,9491560338,Hyderabad,Umrah
27,Aarav Kapoor,9820358875,Kanpur,Umrah
28,Aarav Yadav,9144580810,Kolkata,Umrah
29,Rahul Jain,9103141093,Jaipur,Hajj
30,Karan Tiwari,9891377757,Mumbai,Umrah
31,Sai Verma,9728957693,Jaipur,Hajj
32,Rahul Kapoor,9991266676,Kanpur,Umrah
33,Sanjay Mishra,9491767324,Chennai,Umrah
34,Reyansh Sharma,9117849271,Chennai,Ticket
35,Rohit Sharma,9469441489,Delhi,Umrah
36,Sai Ali,9916943269,Kanpur,Umrah
37,Reyansh Ali,9666235906,Mumbai,Medical
38,Arjun Ali,9199372155,Bhopal,Medical
39,Vihaan Singh,9186917016,Delhi,Medical
40,Shaurya Kapoor,9742977899,Jaipur,Medical
41,Rohit Ansari,9181664401,Chennai,Medical
42,Vihaan Ansari,9613388518,Chennai,Umrah
43,Rahul Sharma,9510384264,Jaipur,Hajj
44,Sanjay Tiwari,9901488792,Delhi,Hajj
45,Pravesh Ansari,9646295414,Kolkata,Hajj
46,Aarav Ali,9240111984,Lucknow,Ticket
47,Ishaan Singh,9285300926,Lucknow,Medical
48,Rohit Mishra,9842141286,Hyderabad,Medical
49,Aman Singh,9700392430,Pune,Ticket
50,Aarav Tiwari,9907455712,Kolkata,Medical
51,Sanjay Kapoor,9392836677,Lucknow,Hajj
52,Rahul Tiwari,9291814939,Chennai,Umrah
53,Sai Sharma,9728877781,Hyderabad,Hajj
54,Karan Jain,9797839704,Hyderabad,Medical
55,Pravesh Tiwari,9550438608,Delhi,Medical
56,Rahul Sharma,9122463429,Mumbai,Hajj
57,Arjun Gupta,9150139979,Bhopal,Hajj
58,Aditya Ansari,9827432789,Jaipur,Ticket
59,Pravesh Khan,9906484600,Delhi,Hajj
60,Ishaan Yadav,9941549544,Kolkata,Medical
61,Aditya Ansari,9767609494,Lucknow,Medical
62,Krishna Kapoor,9856583884,Jaipur,Medical
63,Krishna Tiwari,9971152184,Kolkata,Umrah
64,Rohit Ali,9865055698,Delhi,Hajj
65,Shaurya Ali,9182230936,Kolkata,Medical
66,Sai Singh,9856673505,Pune,Umrah
67,Aarav Ali,9502928418,Bhopal,Hajj
68,Vihaan Khan,9468812942,Mumbai,Umrah
69,Shaurya Kapoor,9225018615,Pune,Ticket
70,Sai Verma,9467363777,Jaipur,Ticket
71,Reyansh Yadav,9607868156,Kolkata,Hajj
72,Rahul Gupta,9737820534,Lucknow,Umrah
73,Ishaan Mishra,9126832638,Lucknow,Ticket
74,Vivaan Singh,9587305191,Hyderabad,Umrah
75,Karan Ali,9652496667,Jaipur,Hajj
76,Vivaan Sharma,9437906143,Delhi,Umrah
77,Shaurya Gupta,9922918336,Pune,Umrah
78,Vivaan Singh,9964812761,Kolkata,Medical
79,Reyansh Mishra,9534019322,Bhopal,Ticket
80,Sanjay Sharma,9639526005,Bhopal,Hajj
81,Pravesh Verma,9407151879,Mumbai,Ticket
82,Sai Ali,9603216350,Jaipur,Medical
83,Shaurya Sharma,9804410866,Kolkata,Umrah
84,Aditya Tiwari,9751314140,Delhi,Ticket
85,Rahul Sharma,9563334891,Bhopal,Umrah
86,Sanjay Sharma,9493248485,Hyderabad,Medical
87,Ishaan Jain,9408246307,Kolkata,Ticket
88,Sai Sharma,9252412638,Mumbai,Umrah
89,Rohit Ansari,9137363653,Mumbai,Umrah
90,Vihaan Kapoor,9815165063,Pune,Hajj
91,Sai Tiwari,9224110124,Jaipur,Umrah
92,Vivaan Tiwari,9259679254,Hyderabad,Umrah
93,Sai Khan,9826739315,Delhi,Ticket
94,Reyansh Ansari,9400827719,Bhopal,Hajj
95,Krishna Verma,9722040243,Chennai,Medical
96,Arjun Ali,9645489235,Lucknow,Hajj
97,Aditya Singh,9650782922,Chennai,Ticket
98,Rohit Ali,9454306653,Kolkata,Ticket
99,Aman Khan,9691603873,Kolkata,Ticket
100,Ishaan Ali,9922139582,Chennai,Umrah
